Absolute Path|Relative Path|Class Label
C:/Users/Stent/Desktop/University/PD/Lab Programs/dataset\brown_bear\0000.jpg|brown_bear\0000.jpg|brown_bear
C:/Users/Stent/Desktop/University/PD/Lab Programs/dataset\brown_bear\0001.jpg|brown_bear\0001.jpg|brown_bear
C:/Users/Stent/Desktop/University/PD/Lab Programs/dataset\brown_bear\0002.jpg|brown_bear\0002.jpg|brown_bear
C:/Users/Stent/Desktop/University/PD/Lab Programs/dataset\brown_bear\0003.jpg|brown_bear\0003.jpg|brown_bear
C:/Users/Stent/Desktop/University/PD/Lab Programs/dataset\brown_bear\0004.jpg|brown_bear\0004.jpg|brown_bear
C:/Users/Stent/Desktop/University/PD/Lab Programs/dataset\brown_bear\0005.jpg|brown_bear\0005.jpg|brown_bear
C:/Users/Stent/Desktop/University/PD/Lab Programs/dataset\brown_bear\0006.jpg|brown_bear\0006.jpg|brown_bear
C:/Users/Stent/Desktop/University/PD/Lab Programs/dataset\brown_bear\0007.jpg|brown_bear\0007.jpg|brown_bear
C:/Users/Stent/Desktop/University/PD/Lab Programs/dataset\brown_bear\0008.jpg|brown_bear\0008.jpg|brown_bear
C:/Users/Stent/Desktop/University/PD/Lab Programs/dataset\brown_bear\0009.jpg|brown_bear\0009.jpg|brown_bear
C:/Users/Stent/Desktop/University/PD/Lab Programs/dataset\brown_bear\0010.jpg|brown_bear\0010.jpg|brown_bear
C:/Users/Stent/Desktop/University/PD/Lab Programs/dataset\brown_bear\0011.jpg|brown_bear\0011.jpg|brown_bear
C:/Users/Stent/Desktop/University/PD/Lab Programs/dataset\brown_bear\0012.jpg|brown_bear\0012.jpg|brown_bear
C:/Users/Stent/Desktop/University/PD/Lab Programs/dataset\brown_bear\0013.jpg|brown_bear\0013.jpg|brown_bear
C:/Users/Stent/Desktop/University/PD/Lab Programs/dataset\brown_bear\0014.jpg|brown_bear\0014.jpg|brown_bear
C:/Users/Stent/Desktop/University/PD/Lab Programs/dataset\brown_bear\0015.jpg|brown_bear\0015.jpg|brown_bear
C:/Users/Stent/Desktop/University/PD/Lab Programs/dataset\brown_bear\0016.jpg|brown_bear\0016.jpg|brown_bear
C:/Users/Stent/Desktop/University/PD/Lab Programs/dataset\brown_bear\0017.jpg|brown_bear\0017.jpg|brown_bear
C:/Users/Stent/Desktop/University/PD/Lab Programs/dataset\brown_bear\0018.jpg|brown_bear\0018.jpg|brown_bear
C:/Users/Stent/Desktop/University/PD/Lab Programs/dataset\brown_bear\0019.jpg|brown_bear\0019.jpg|brown_bear
C:/Users/Stent/Desktop/University/PD/Lab Programs/dataset\brown_bear\0020.jpg|brown_bear\0020.jpg|brown_bear
C:/Users/Stent/Desktop/University/PD/Lab Programs/dataset\brown_bear\0021.jpg|brown_bear\0021.jpg|brown_bear
C:/Users/Stent/Desktop/University/PD/Lab Programs/dataset\brown_bear\0022.jpg|brown_bear\0022.jpg|brown_bear
C:/Users/Stent/Desktop/University/PD/Lab Programs/dataset\brown_bear\0023.jpg|brown_bear\0023.jpg|brown_bear
C:/Users/Stent/Desktop/University/PD/Lab Programs/dataset\brown_bear\0024.jpg|brown_bear\0024.jpg|brown_bear
C:/Users/Stent/Desktop/University/PD/Lab Programs/dataset\brown_bear\0025.jpg|brown_bear\0025.jpg|brown_bear
C:/Users/Stent/Desktop/University/PD/Lab Programs/dataset\brown_bear\0026.jpg|brown_bear\0026.jpg|brown_bear
C:/Users/Stent/Desktop/University/PD/Lab Programs/dataset\brown_bear\0027.jpg|brown_bear\0027.jpg|brown_bear
C:/Users/Stent/Desktop/University/PD/Lab Programs/dataset\brown_bear\0028.jpg|brown_bear\0028.jpg|brown_bear
C:/Users/Stent/Desktop/University/PD/Lab Programs/dataset\brown_bear\0029.jpg|brown_bear\0029.jpg|brown_bear
C:/Users/Stent/Desktop/University/PD/Lab Programs/dataset\brown_bear\0030.jpg|brown_bear\0030.jpg|brown_bear
C:/Users/Stent/Desktop/University/PD/Lab Programs/dataset\brown_bear\0031.jpg|brown_bear\0031.jpg|brown_bear
C:/Users/Stent/Desktop/University/PD/Lab Programs/dataset\brown_bear\0032.jpg|brown_bear\0032.jpg|brown_bear
C:/Users/Stent/Desktop/University/PD/Lab Programs/dataset\brown_bear\0033.jpg|brown_bear\0033.jpg|brown_bear
C:/Users/Stent/Desktop/University/PD/Lab Programs/dataset\brown_bear\0034.jpg|brown_bear\0034.jpg|brown_bear
C:/Users/Stent/Desktop/University/PD/Lab Programs/dataset\brown_bear\0035.jpg|brown_bear\0035.jpg|brown_bear
C:/Users/Stent/Desktop/University/PD/Lab Programs/dataset\brown_bear\0036.jpg|brown_bear\0036.jpg|brown_bear
C:/Users/Stent/Desktop/University/PD/Lab Programs/dataset\brown_bear\0037.jpg|brown_bear\0037.jpg|brown_bear
C:/Users/Stent/Desktop/University/PD/Lab Programs/dataset\brown_bear\0038.jpg|brown_bear\0038.jpg|brown_bear
C:/Users/Stent/Desktop/University/PD/Lab Programs/dataset\brown_bear\0039.jpg|brown_bear\0039.jpg|brown_bear
C:/Users/Stent/Desktop/University/PD/Lab Programs/dataset\brown_bear\0040.jpg|brown_bear\0040.jpg|brown_bear
C:/Users/Stent/Desktop/University/PD/Lab Programs/dataset\brown_bear\0041.jpg|brown_bear\0041.jpg|brown_bear
C:/Users/Stent/Desktop/University/PD/Lab Programs/dataset\brown_bear\0042.jpg|brown_bear\0042.jpg|brown_bear
C:/Users/Stent/Desktop/University/PD/Lab Programs/dataset\brown_bear\0043.jpg|brown_bear\0043.jpg|brown_bear
C:/Users/Stent/Desktop/University/PD/Lab Programs/dataset\brown_bear\0044.jpg|brown_bear\0044.jpg|brown_bear
C:/Users/Stent/Desktop/University/PD/Lab Programs/dataset\brown_bear\0045.jpg|brown_bear\0045.jpg|brown_bear
C:/Users/Stent/Desktop/University/PD/Lab Programs/dataset\brown_bear\0046.jpg|brown_bear\0046.jpg|brown_bear
C:/Users/Stent/Desktop/University/PD/Lab Programs/dataset\brown_bear\0047.jpg|brown_bear\0047.jpg|brown_bear
C:/Users/Stent/Desktop/University/PD/Lab Programs/dataset\brown_bear\0048.jpg|brown_bear\0048.jpg|brown_bear
C:/Users/Stent/Desktop/University/PD/Lab Programs/dataset\brown_bear\0049.jpg|brown_bear\0049.jpg|brown_bear
C:/Users/Stent/Desktop/University/PD/Lab Programs/dataset\brown_bear\0050.jpg|brown_bear\0050.jpg|brown_bear
C:/Users/Stent/Desktop/University/PD/Lab Programs/dataset\brown_bear\0051.jpg|brown_bear\0051.jpg|brown_bear
C:/Users/Stent/Desktop/University/PD/Lab Programs/dataset\brown_bear\0052.jpg|brown_bear\0052.jpg|brown_bear
C:/Users/Stent/Desktop/University/PD/Lab Programs/dataset\brown_bear\0053.jpg|brown_bear\0053.jpg|brown_bear
C:/Users/Stent/Desktop/University/PD/Lab Programs/dataset\brown_bear\0054.jpg|brown_bear\0054.jpg|brown_bear
C:/Users/Stent/Desktop/University/PD/Lab Programs/dataset\brown_bear\0055.jpg|brown_bear\0055.jpg|brown_bear
C:/Users/Stent/Desktop/University/PD/Lab Programs/dataset\brown_bear\0056.jpg|brown_bear\0056.jpg|brown_bear
C:/Users/Stent/Desktop/University/PD/Lab Programs/dataset\brown_bear\0057.jpg|brown_bear\0057.jpg|brown_bear
C:/Users/Stent/Desktop/University/PD/Lab Programs/dataset\brown_bear\0058.jpg|brown_bear\0058.jpg|brown_bear
C:/Users/Stent/Desktop/University/PD/Lab Programs/dataset\brown_bear\0059.jpg|brown_bear\0059.jpg|brown_bear
C:/Users/Stent/Desktop/University/PD/Lab Programs/dataset\brown_bear\0060.jpg|brown_bear\0060.jpg|brown_bear
C:/Users/Stent/Desktop/University/PD/Lab Programs/dataset\brown_bear\0061.jpg|brown_bear\0061.jpg|brown_bear
C:/Users/Stent/Desktop/University/PD/Lab Programs/dataset\brown_bear\0062.jpg|brown_bear\0062.jpg|brown_bear
C:/Users/Stent/Desktop/University/PD/Lab Programs/dataset\brown_bear\0063.jpg|brown_bear\0063.jpg|brown_bear
C:/Users/Stent/Desktop/University/PD/Lab Programs/dataset\brown_bear\0064.jpg|brown_bear\0064.jpg|brown_bear
C:/Users/Stent/Desktop/University/PD/Lab Programs/dataset\brown_bear\0065.jpg|brown_bear\0065.jpg|brown_bear
C:/Users/Stent/Desktop/University/PD/Lab Programs/dataset\brown_bear\0066.jpg|brown_bear\0066.jpg|brown_bear
C:/Users/Stent/Desktop/University/PD/Lab Programs/dataset\brown_bear\0067.jpg|brown_bear\0067.jpg|brown_bear
C:/Users/Stent/Desktop/University/PD/Lab Programs/dataset\brown_bear\0068.jpg|brown_bear\0068.jpg|brown_bear
C:/Users/Stent/Desktop/University/PD/Lab Programs/dataset\brown_bear\0069.jpg|brown_bear\0069.jpg|brown_bear
C:/Users/Stent/Desktop/University/PD/Lab Programs/dataset\brown_bear\0070.jpg|brown_bear\0070.jpg|brown_bear
C:/Users/Stent/Desktop/University/PD/Lab Programs/dataset\brown_bear\0071.jpg|brown_bear\0071.jpg|brown_bear
C:/Users/Stent/Desktop/University/PD/Lab Programs/dataset\brown_bear\0072.jpg|brown_bear\0072.jpg|brown_bear
C:/Users/Stent/Desktop/University/PD/Lab Programs/dataset\brown_bear\0073.jpg|brown_bear\0073.jpg|brown_bear
C:/Users/Stent/Desktop/University/PD/Lab Programs/dataset\brown_bear\0074.jpg|brown_bear\0074.jpg|brown_bear
C:/Users/Stent/Desktop/University/PD/Lab Programs/dataset\brown_bear\0075.jpg|brown_bear\0075.jpg|brown_bear
C:/Users/Stent/Desktop/University/PD/Lab Programs/dataset\brown_bear\0076.jpg|brown_bear\0076.jpg|brown_bear
C:/Users/Stent/Desktop/University/PD/Lab Programs/dataset\brown_bear\0077.jpg|brown_bear\0077.jpg|brown_bear
C:/Users/Stent/Desktop/University/PD/Lab Programs/dataset\brown_bear\0078.jpg|brown_bear\0078.jpg|brown_bear
C:/Users/Stent/Desktop/University/PD/Lab Programs/dataset\brown_bear\0079.jpg|brown_bear\0079.jpg|brown_bear
C:/Users/Stent/Desktop/University/PD/Lab Programs/dataset\brown_bear\0080.jpg|brown_bear\0080.jpg|brown_bear
C:/Users/Stent/Desktop/University/PD/Lab Programs/dataset\brown_bear\0081.jpg|brown_bear\0081.jpg|brown_bear
C:/Users/Stent/Desktop/University/PD/Lab Programs/dataset\brown_bear\0082.jpg|brown_bear\0082.jpg|brown_bear
C:/Users/Stent/Desktop/University/PD/Lab Programs/dataset\brown_bear\0083.jpg|brown_bear\0083.jpg|brown_bear
C:/Users/Stent/Desktop/University/PD/Lab Programs/dataset\brown_bear\0084.jpg|brown_bear\0084.jpg|brown_bear
C:/Users/Stent/Desktop/University/PD/Lab Programs/dataset\brown_bear\0085.jpg|brown_bear\0085.jpg|brown_bear
C:/Users/Stent/Desktop/University/PD/Lab Programs/dataset\brown_bear\0086.jpg|brown_bear\0086.jpg|brown_bear
C:/Users/Stent/Desktop/University/PD/Lab Programs/dataset\brown_bear\0087.jpg|brown_bear\0087.jpg|brown_bear
C:/Users/Stent/Desktop/University/PD/Lab Programs/dataset\brown_bear\0088.jpg|brown_bear\0088.jpg|brown_bear
C:/Users/Stent/Desktop/University/PD/Lab Programs/dataset\brown_bear\0089.jpg|brown_bear\0089.jpg|brown_bear
C:/Users/Stent/Desktop/University/PD/Lab Programs/dataset\bunny\0000.jpg|bunny\0000.jpg|bunny
C:/Users/Stent/Desktop/University/PD/Lab Programs/dataset\bunny\0001.jpg|bunny\0001.jpg|bunny
C:/Users/Stent/Desktop/University/PD/Lab Programs/dataset\bunny\0002.jpg|bunny\0002.jpg|bunny
C:/Users/Stent/Desktop/University/PD/Lab Programs/dataset\bunny\0003.jpg|bunny\0003.jpg|bunny
C:/Users/Stent/Desktop/University/PD/Lab Programs/dataset\bunny\0004.jpg|bunny\0004.jpg|bunny
C:/Users/Stent/Desktop/University/PD/Lab Programs/dataset\bunny\0005.jpg|bunny\0005.jpg|bunny
C:/Users/Stent/Desktop/University/PD/Lab Programs/dataset\bunny\0006.jpg|bunny\0006.jpg|bunny
C:/Users/Stent/Desktop/University/PD/Lab Programs/dataset\bunny\0007.jpg|bunny\0007.jpg|bunny
C:/Users/Stent/Desktop/University/PD/Lab Programs/dataset\bunny\0008.jpg|bunny\0008.jpg|bunny
C:/Users/Stent/Desktop/University/PD/Lab Programs/dataset\bunny\0009.jpg|bunny\0009.jpg|bunny
C:/Users/Stent/Desktop/University/PD/Lab Programs/dataset\bunny\0010.jpg|bunny\0010.jpg|bunny
C:/Users/Stent/Desktop/University/PD/Lab Programs/dataset\bunny\0011.jpg|bunny\0011.jpg|bunny
C:/Users/Stent/Desktop/University/PD/Lab Programs/dataset\bunny\0012.jpg|bunny\0012.jpg|bunny
C:/Users/Stent/Desktop/University/PD/Lab Programs/dataset\bunny\0013.jpg|bunny\0013.jpg|bunny
C:/Users/Stent/Desktop/University/PD/Lab Programs/dataset\bunny\0014.jpg|bunny\0014.jpg|bunny
C:/Users/Stent/Desktop/University/PD/Lab Programs/dataset\bunny\0015.jpg|bunny\0015.jpg|bunny
C:/Users/Stent/Desktop/University/PD/Lab Programs/dataset\bunny\0016.jpg|bunny\0016.jpg|bunny
C:/Users/Stent/Desktop/University/PD/Lab Programs/dataset\bunny\0017.jpg|bunny\0017.jpg|bunny
C:/Users/Stent/Desktop/University/PD/Lab Programs/dataset\bunny\0018.jpg|bunny\0018.jpg|bunny
C:/Users/Stent/Desktop/University/PD/Lab Programs/dataset\bunny\0019.jpg|bunny\0019.jpg|bunny
C:/Users/Stent/Desktop/University/PD/Lab Programs/dataset\bunny\0020.jpg|bunny\0020.jpg|bunny
C:/Users/Stent/Desktop/University/PD/Lab Programs/dataset\bunny\0021.jpg|bunny\0021.jpg|bunny
C:/Users/Stent/Desktop/University/PD/Lab Programs/dataset\bunny\0022.jpg|bunny\0022.jpg|bunny
C:/Users/Stent/Desktop/University/PD/Lab Programs/dataset\bunny\0023.jpg|bunny\0023.jpg|bunny
C:/Users/Stent/Desktop/University/PD/Lab Programs/dataset\bunny\0024.jpg|bunny\0024.jpg|bunny
C:/Users/Stent/Desktop/University/PD/Lab Programs/dataset\bunny\0025.jpg|bunny\0025.jpg|bunny
C:/Users/Stent/Desktop/University/PD/Lab Programs/dataset\bunny\0026.jpg|bunny\0026.jpg|bunny
C:/Users/Stent/Desktop/University/PD/Lab Programs/dataset\bunny\0027.jpg|bunny\0027.jpg|bunny
C:/Users/Stent/Desktop/University/PD/Lab Programs/dataset\bunny\0028.jpg|bunny\0028.jpg|bunny
C:/Users/Stent/Desktop/University/PD/Lab Programs/dataset\bunny\0029.jpg|bunny\0029.jpg|bunny
C:/Users/Stent/Desktop/University/PD/Lab Programs/dataset\bunny\0030.jpg|bunny\0030.jpg|bunny
C:/Users/Stent/Desktop/University/PD/Lab Programs/dataset\bunny\0031.jpg|bunny\0031.jpg|bunny
C:/Users/Stent/Desktop/University/PD/Lab Programs/dataset\bunny\0032.jpg|bunny\0032.jpg|bunny
C:/Users/Stent/Desktop/University/PD/Lab Programs/dataset\bunny\0033.jpg|bunny\0033.jpg|bunny
C:/Users/Stent/Desktop/University/PD/Lab Programs/dataset\bunny\0034.jpg|bunny\0034.jpg|bunny
C:/Users/Stent/Desktop/University/PD/Lab Programs/dataset\bunny\0035.jpg|bunny\0035.jpg|bunny
C:/Users/Stent/Desktop/University/PD/Lab Programs/dataset\bunny\0036.jpg|bunny\0036.jpg|bunny
C:/Users/Stent/Desktop/University/PD/Lab Programs/dataset\bunny\0037.jpg|bunny\0037.jpg|bunny
C:/Users/Stent/Desktop/University/PD/Lab Programs/dataset\bunny\0038.jpg|bunny\0038.jpg|bunny
C:/Users/Stent/Desktop/University/PD/Lab Programs/dataset\bunny\0039.jpg|bunny\0039.jpg|bunny
C:/Users/Stent/Desktop/University/PD/Lab Programs/dataset\bunny\0040.jpg|bunny\0040.jpg|bunny
C:/Users/Stent/Desktop/University/PD/Lab Programs/dataset\bunny\0041.jpg|bunny\0041.jpg|bunny
C:/Users/Stent/Desktop/University/PD/Lab Programs/dataset\bunny\0042.jpg|bunny\0042.jpg|bunny
C:/Users/Stent/Desktop/University/PD/Lab Programs/dataset\bunny\0043.jpg|bunny\0043.jpg|bunny
C:/Users/Stent/Desktop/University/PD/Lab Programs/dataset\bunny\0044.jpg|bunny\0044.jpg|bunny
C:/Users/Stent/Desktop/University/PD/Lab Programs/dataset\bunny\0045.jpg|bunny\0045.jpg|bunny
C:/Users/Stent/Desktop/University/PD/Lab Programs/dataset\bunny\0046.jpg|bunny\0046.jpg|bunny
C:/Users/Stent/Desktop/University/PD/Lab Programs/dataset\bunny\0047.jpg|bunny\0047.jpg|bunny
C:/Users/Stent/Desktop/University/PD/Lab Programs/dataset\bunny\0048.jpg|bunny\0048.jpg|bunny
C:/Users/Stent/Desktop/University/PD/Lab Programs/dataset\bunny\0049.jpg|bunny\0049.jpg|bunny
C:/Users/Stent/Desktop/University/PD/Lab Programs/dataset\bunny\0050.jpg|bunny\0050.jpg|bunny
C:/Users/Stent/Desktop/University/PD/Lab Programs/dataset\bunny\0051.jpg|bunny\0051.jpg|bunny
C:/Users/Stent/Desktop/University/PD/Lab Programs/dataset\bunny\0052.jpg|bunny\0052.jpg|bunny
C:/Users/Stent/Desktop/University/PD/Lab Programs/dataset\bunny\0053.jpg|bunny\0053.jpg|bunny
C:/Users/Stent/Desktop/University/PD/Lab Programs/dataset\bunny\0054.jpg|bunny\0054.jpg|bunny
C:/Users/Stent/Desktop/University/PD/Lab Programs/dataset\bunny\0055.jpg|bunny\0055.jpg|bunny
C:/Users/Stent/Desktop/University/PD/Lab Programs/dataset\bunny\0056.jpg|bunny\0056.jpg|bunny
C:/Users/Stent/Desktop/University/PD/Lab Programs/dataset\bunny\0057.jpg|bunny\0057.jpg|bunny
C:/Users/Stent/Desktop/University/PD/Lab Programs/dataset\bunny\0058.jpg|bunny\0058.jpg|bunny
C:/Users/Stent/Desktop/University/PD/Lab Programs/dataset\bunny\0059.jpg|bunny\0059.jpg|bunny
C:/Users/Stent/Desktop/University/PD/Lab Programs/dataset\dota\0030.jpg|dota\0030.jpg|dota
C:/Users/Stent/Desktop/University/PD/Lab Programs/dataset\dota\0031.jpg|dota\0031.jpg|dota
C:/Users/Stent/Desktop/University/PD/Lab Programs/dataset\dota\0032.jpg|dota\0032.jpg|dota
C:/Users/Stent/Desktop/University/PD/Lab Programs/dataset\dota\0033.jpg|dota\0033.jpg|dota
C:/Users/Stent/Desktop/University/PD/Lab Programs/dataset\dota\0034.jpg|dota\0034.jpg|dota
C:/Users/Stent/Desktop/University/PD/Lab Programs/dataset\dota\0035.jpg|dota\0035.jpg|dota
C:/Users/Stent/Desktop/University/PD/Lab Programs/dataset\dota\0036.jpg|dota\0036.jpg|dota
C:/Users/Stent/Desktop/University/PD/Lab Programs/dataset\dota\0037.jpg|dota\0037.jpg|dota
C:/Users/Stent/Desktop/University/PD/Lab Programs/dataset\dota\0038.jpg|dota\0038.jpg|dota
C:/Users/Stent/Desktop/University/PD/Lab Programs/dataset\dota\0039.jpg|dota\0039.jpg|dota
C:/Users/Stent/Desktop/University/PD/Lab Programs/dataset\dota\0040.jpg|dota\0040.jpg|dota
C:/Users/Stent/Desktop/University/PD/Lab Programs/dataset\dota\0041.jpg|dota\0041.jpg|dota
C:/Users/Stent/Desktop/University/PD/Lab Programs/dataset\dota\0042.jpg|dota\0042.jpg|dota
C:/Users/Stent/Desktop/University/PD/Lab Programs/dataset\dota\0043.jpg|dota\0043.jpg|dota
C:/Users/Stent/Desktop/University/PD/Lab Programs/dataset\dota\0044.jpg|dota\0044.jpg|dota
C:/Users/Stent/Desktop/University/PD/Lab Programs/dataset\dota\0045.jpg|dota\0045.jpg|dota
C:/Users/Stent/Desktop/University/PD/Lab Programs/dataset\dota\0046.jpg|dota\0046.jpg|dota
C:/Users/Stent/Desktop/University/PD/Lab Programs/dataset\dota\0047.jpg|dota\0047.jpg|dota
C:/Users/Stent/Desktop/University/PD/Lab Programs/dataset\dota\0048.jpg|dota\0048.jpg|dota
C:/Users/Stent/Desktop/University/PD/Lab Programs/dataset\dota\0049.jpg|dota\0049.jpg|dota
C:/Users/Stent/Desktop/University/PD/Lab Programs/dataset\dota\0050.jpg|dota\0050.jpg|dota
C:/Users/Stent/Desktop/University/PD/Lab Programs/dataset\dota\0051.jpg|dota\0051.jpg|dota
C:/Users/Stent/Desktop/University/PD/Lab Programs/dataset\dota\0052.jpg|dota\0052.jpg|dota
C:/Users/Stent/Desktop/University/PD/Lab Programs/dataset\dota\0053.jpg|dota\0053.jpg|dota
C:/Users/Stent/Desktop/University/PD/Lab Programs/dataset\dota\0054.jpg|dota\0054.jpg|dota
C:/Users/Stent/Desktop/University/PD/Lab Programs/dataset\dota\0055.jpg|dota\0055.jpg|dota
C:/Users/Stent/Desktop/University/PD/Lab Programs/dataset\dota\0056.jpg|dota\0056.jpg|dota
C:/Users/Stent/Desktop/University/PD/Lab Programs/dataset\dota\0057.jpg|dota\0057.jpg|dota
C:/Users/Stent/Desktop/University/PD/Lab Programs/dataset\dota\0058.jpg|dota\0058.jpg|dota
C:/Users/Stent/Desktop/University/PD/Lab Programs/dataset\dota\0059.jpg|dota\0059.jpg|dota
C:/Users/Stent/Desktop/University/PD/Lab Programs/dataset\dota\0060.jpg|dota\0060.jpg|dota
C:/Users/Stent/Desktop/University/PD/Lab Programs/dataset\dota\0061.jpg|dota\0061.jpg|dota
C:/Users/Stent/Desktop/University/PD/Lab Programs/dataset\dota\0062.jpg|dota\0062.jpg|dota
C:/Users/Stent/Desktop/University/PD/Lab Programs/dataset\dota\0063.jpg|dota\0063.jpg|dota
C:/Users/Stent/Desktop/University/PD/Lab Programs/dataset\dota\0064.jpg|dota\0064.jpg|dota
C:/Users/Stent/Desktop/University/PD/Lab Programs/dataset\dota\0065.jpg|dota\0065.jpg|dota
C:/Users/Stent/Desktop/University/PD/Lab Programs/dataset\dota\0066.jpg|dota\0066.jpg|dota
C:/Users/Stent/Desktop/University/PD/Lab Programs/dataset\dota\0067.jpg|dota\0067.jpg|dota
C:/Users/Stent/Desktop/University/PD/Lab Programs/dataset\dota\0068.jpg|dota\0068.jpg|dota
C:/Users/Stent/Desktop/University/PD/Lab Programs/dataset\dota\0069.jpg|dota\0069.jpg|dota
C:/Users/Stent/Desktop/University/PD/Lab Programs/dataset\dota\0070.jpg|dota\0070.jpg|dota
C:/Users/Stent/Desktop/University/PD/Lab Programs/dataset\dota\0071.jpg|dota\0071.jpg|dota
C:/Users/Stent/Desktop/University/PD/Lab Programs/dataset\dota\0072.jpg|dota\0072.jpg|dota
C:/Users/Stent/Desktop/University/PD/Lab Programs/dataset\dota\0073.jpg|dota\0073.jpg|dota
C:/Users/Stent/Desktop/University/PD/Lab Programs/dataset\dota\0074.jpg|dota\0074.jpg|dota
C:/Users/Stent/Desktop/University/PD/Lab Programs/dataset\dota\0075.jpg|dota\0075.jpg|dota
C:/Users/Stent/Desktop/University/PD/Lab Programs/dataset\dota\0076.jpg|dota\0076.jpg|dota
C:/Users/Stent/Desktop/University/PD/Lab Programs/dataset\dota\0077.jpg|dota\0077.jpg|dota
C:/Users/Stent/Desktop/University/PD/Lab Programs/dataset\dota\0078.jpg|dota\0078.jpg|dota
C:/Users/Stent/Desktop/University/PD/Lab Programs/dataset\dota\0079.jpg|dota\0079.jpg|dota
C:/Users/Stent/Desktop/University/PD/Lab Programs/dataset\dota\0080.jpg|dota\0080.jpg|dota
C:/Users/Stent/Desktop/University/PD/Lab Programs/dataset\dota\0081.jpg|dota\0081.jpg|dota
C:/Users/Stent/Desktop/University/PD/Lab Programs/dataset\dota\0082.jpg|dota\0082.jpg|dota
C:/Users/Stent/Desktop/University/PD/Lab Programs/dataset\dota\0083.jpg|dota\0083.jpg|dota
C:/Users/Stent/Desktop/University/PD/Lab Programs/dataset\dota\0084.jpg|dota\0084.jpg|dota
C:/Users/Stent/Desktop/University/PD/Lab Programs/dataset\dota\0085.jpg|dota\0085.jpg|dota
C:/Users/Stent/Desktop/University/PD/Lab Programs/dataset\dota\0086.jpg|dota\0086.jpg|dota
C:/Users/Stent/Desktop/University/PD/Lab Programs/dataset\dota\0087.jpg|dota\0087.jpg|dota
C:/Users/Stent/Desktop/University/PD/Lab Programs/dataset\dota\0088.jpg|dota\0088.jpg|dota
C:/Users/Stent/Desktop/University/PD/Lab Programs/dataset\dota\0089.jpg|dota\0089.jpg|dota
C:/Users/Stent/Desktop/University/PD/Lab Programs/dataset\dota\0180.jpg|dota\0180.jpg|dota
C:/Users/Stent/Desktop/University/PD/Lab Programs/dataset\dota\0181.jpg|dota\0181.jpg|dota
C:/Users/Stent/Desktop/University/PD/Lab Programs/dataset\dota\0182.jpg|dota\0182.jpg|dota
C:/Users/Stent/Desktop/University/PD/Lab Programs/dataset\dota\0183.jpg|dota\0183.jpg|dota
C:/Users/Stent/Desktop/University/PD/Lab Programs/dataset\dota\0184.jpg|dota\0184.jpg|dota
C:/Users/Stent/Desktop/University/PD/Lab Programs/dataset\dota\0185.jpg|dota\0185.jpg|dota
C:/Users/Stent/Desktop/University/PD/Lab Programs/dataset\dota\0186.jpg|dota\0186.jpg|dota
C:/Users/Stent/Desktop/University/PD/Lab Programs/dataset\dota\0187.jpg|dota\0187.jpg|dota
C:/Users/Stent/Desktop/University/PD/Lab Programs/dataset\dota\0188.jpg|dota\0188.jpg|dota
C:/Users/Stent/Desktop/University/PD/Lab Programs/dataset\dota\0189.jpg|dota\0189.jpg|dota
C:/Users/Stent/Desktop/University/PD/Lab Programs/dataset\dota\0190.jpg|dota\0190.jpg|dota
C:/Users/Stent/Desktop/University/PD/Lab Programs/dataset\dota\0191.jpg|dota\0191.jpg|dota
C:/Users/Stent/Desktop/University/PD/Lab Programs/dataset\dota\0192.jpg|dota\0192.jpg|dota
C:/Users/Stent/Desktop/University/PD/Lab Programs/dataset\dota\0193.jpg|dota\0193.jpg|dota
C:/Users/Stent/Desktop/University/PD/Lab Programs/dataset\dota\0194.jpg|dota\0194.jpg|dota
C:/Users/Stent/Desktop/University/PD/Lab Programs/dataset\dota\0195.jpg|dota\0195.jpg|dota
C:/Users/Stent/Desktop/University/PD/Lab Programs/dataset\dota\0196.jpg|dota\0196.jpg|dota
C:/Users/Stent/Desktop/University/PD/Lab Programs/dataset\dota\0197.jpg|dota\0197.jpg|dota
C:/Users/Stent/Desktop/University/PD/Lab Programs/dataset\dota\0198.jpg|dota\0198.jpg|dota
C:/Users/Stent/Desktop/University/PD/Lab Programs/dataset\dota\0199.jpg|dota\0199.jpg|dota
C:/Users/Stent/Desktop/University/PD/Lab Programs/dataset\dota\0200.jpg|dota\0200.jpg|dota
C:/Users/Stent/Desktop/University/PD/Lab Programs/dataset\dota\0201.jpg|dota\0201.jpg|dota
C:/Users/Stent/Desktop/University/PD/Lab Programs/dataset\dota\0202.jpg|dota\0202.jpg|dota
C:/Users/Stent/Desktop/University/PD/Lab Programs/dataset\dota\0203.jpg|dota\0203.jpg|dota
C:/Users/Stent/Desktop/University/PD/Lab Programs/dataset\dota\0204.jpg|dota\0204.jpg|dota
C:/Users/Stent/Desktop/University/PD/Lab Programs/dataset\dota\0205.jpg|dota\0205.jpg|dota
C:/Users/Stent/Desktop/University/PD/Lab Programs/dataset\dota\0206.jpg|dota\0206.jpg|dota
C:/Users/Stent/Desktop/University/PD/Lab Programs/dataset\dota\0207.jpg|dota\0207.jpg|dota
C:/Users/Stent/Desktop/University/PD/Lab Programs/dataset\dota\0208.jpg|dota\0208.jpg|dota
C:/Users/Stent/Desktop/University/PD/Lab Programs/dataset\dota\0209.jpg|dota\0209.jpg|dota
C:/Users/Stent/Desktop/University/PD/Lab Programs/dataset\gaming_laptops\0000.jpg|gaming_laptops\0000.jpg|gaming_laptops
C:/Users/Stent/Desktop/University/PD/Lab Programs/dataset\gaming_laptops\0001.jpg|gaming_laptops\0001.jpg|gaming_laptops
C:/Users/Stent/Desktop/University/PD/Lab Programs/dataset\gaming_laptops\0002.jpg|gaming_laptops\0002.jpg|gaming_laptops
C:/Users/Stent/Desktop/University/PD/Lab Programs/dataset\gaming_laptops\0003.jpg|gaming_laptops\0003.jpg|gaming_laptops
C:/Users/Stent/Desktop/University/PD/Lab Programs/dataset\gaming_laptops\0004.jpg|gaming_laptops\0004.jpg|gaming_laptops
C:/Users/Stent/Desktop/University/PD/Lab Programs/dataset\gaming_laptops\0005.jpg|gaming_laptops\0005.jpg|gaming_laptops
C:/Users/Stent/Desktop/University/PD/Lab Programs/dataset\gaming_laptops\0006.jpg|gaming_laptops\0006.jpg|gaming_laptops
C:/Users/Stent/Desktop/University/PD/Lab Programs/dataset\gaming_laptops\0007.jpg|gaming_laptops\0007.jpg|gaming_laptops
C:/Users/Stent/Desktop/University/PD/Lab Programs/dataset\gaming_laptops\0008.jpg|gaming_laptops\0008.jpg|gaming_laptops
C:/Users/Stent/Desktop/University/PD/Lab Programs/dataset\gaming_laptops\0009.jpg|gaming_laptops\0009.jpg|gaming_laptops
C:/Users/Stent/Desktop/University/PD/Lab Programs/dataset\gaming_laptops\0010.jpg|gaming_laptops\0010.jpg|gaming_laptops
C:/Users/Stent/Desktop/University/PD/Lab Programs/dataset\gaming_laptops\0011.jpg|gaming_laptops\0011.jpg|gaming_laptops
C:/Users/Stent/Desktop/University/PD/Lab Programs/dataset\gaming_laptops\0012.jpg|gaming_laptops\0012.jpg|gaming_laptops
C:/Users/Stent/Desktop/University/PD/Lab Programs/dataset\gaming_laptops\0013.jpg|gaming_laptops\0013.jpg|gaming_laptops
C:/Users/Stent/Desktop/University/PD/Lab Programs/dataset\gaming_laptops\0014.jpg|gaming_laptops\0014.jpg|gaming_laptops
C:/Users/Stent/Desktop/University/PD/Lab Programs/dataset\gaming_laptops\0015.jpg|gaming_laptops\0015.jpg|gaming_laptops
C:/Users/Stent/Desktop/University/PD/Lab Programs/dataset\gaming_laptops\0016.jpg|gaming_laptops\0016.jpg|gaming_laptops
C:/Users/Stent/Desktop/University/PD/Lab Programs/dataset\gaming_laptops\0017.jpg|gaming_laptops\0017.jpg|gaming_laptops
C:/Users/Stent/Desktop/University/PD/Lab Programs/dataset\gaming_laptops\0018.jpg|gaming_laptops\0018.jpg|gaming_laptops
C:/Users/Stent/Desktop/University/PD/Lab Programs/dataset\gaming_laptops\0019.jpg|gaming_laptops\0019.jpg|gaming_laptops
C:/Users/Stent/Desktop/University/PD/Lab Programs/dataset\gaming_laptops\0020.jpg|gaming_laptops\0020.jpg|gaming_laptops
C:/Users/Stent/Desktop/University/PD/Lab Programs/dataset\gaming_laptops\0021.jpg|gaming_laptops\0021.jpg|gaming_laptops
C:/Users/Stent/Desktop/University/PD/Lab Programs/dataset\gaming_laptops\0022.jpg|gaming_laptops\0022.jpg|gaming_laptops
C:/Users/Stent/Desktop/University/PD/Lab Programs/dataset\gaming_laptops\0023.jpg|gaming_laptops\0023.jpg|gaming_laptops
C:/Users/Stent/Desktop/University/PD/Lab Programs/dataset\gaming_laptops\0024.jpg|gaming_laptops\0024.jpg|gaming_laptops
C:/Users/Stent/Desktop/University/PD/Lab Programs/dataset\gaming_laptops\0025.jpg|gaming_laptops\0025.jpg|gaming_laptops
C:/Users/Stent/Desktop/University/PD/Lab Programs/dataset\gaming_laptops\0026.jpg|gaming_laptops\0026.jpg|gaming_laptops
C:/Users/Stent/Desktop/University/PD/Lab Programs/dataset\gaming_laptops\0027.jpg|gaming_laptops\0027.jpg|gaming_laptops
C:/Users/Stent/Desktop/University/PD/Lab Programs/dataset\gaming_laptops\0028.jpg|gaming_laptops\0028.jpg|gaming_laptops
C:/Users/Stent/Desktop/University/PD/Lab Programs/dataset\gaming_laptops\0029.jpg|gaming_laptops\0029.jpg|gaming_laptops
C:/Users/Stent/Desktop/University/PD/Lab Programs/dataset\gaming_laptops\0030.jpg|gaming_laptops\0030.jpg|gaming_laptops
C:/Users/Stent/Desktop/University/PD/Lab Programs/dataset\gaming_laptops\0031.jpg|gaming_laptops\0031.jpg|gaming_laptops
C:/Users/Stent/Desktop/University/PD/Lab Programs/dataset\gaming_laptops\0032.jpg|gaming_laptops\0032.jpg|gaming_laptops
C:/Users/Stent/Desktop/University/PD/Lab Programs/dataset\gaming_laptops\0033.jpg|gaming_laptops\0033.jpg|gaming_laptops
C:/Users/Stent/Desktop/University/PD/Lab Programs/dataset\gaming_laptops\0034.jpg|gaming_laptops\0034.jpg|gaming_laptops
C:/Users/Stent/Desktop/University/PD/Lab Programs/dataset\gaming_laptops\0035.jpg|gaming_laptops\0035.jpg|gaming_laptops
C:/Users/Stent/Desktop/University/PD/Lab Programs/dataset\gaming_laptops\0036.jpg|gaming_laptops\0036.jpg|gaming_laptops
C:/Users/Stent/Desktop/University/PD/Lab Programs/dataset\gaming_laptops\0037.jpg|gaming_laptops\0037.jpg|gaming_laptops
C:/Users/Stent/Desktop/University/PD/Lab Programs/dataset\gaming_laptops\0038.jpg|gaming_laptops\0038.jpg|gaming_laptops
C:/Users/Stent/Desktop/University/PD/Lab Programs/dataset\gaming_laptops\0039.jpg|gaming_laptops\0039.jpg|gaming_laptops
C:/Users/Stent/Desktop/University/PD/Lab Programs/dataset\gaming_laptops\0040.jpg|gaming_laptops\0040.jpg|gaming_laptops
C:/Users/Stent/Desktop/University/PD/Lab Programs/dataset\gaming_laptops\0041.jpg|gaming_laptops\0041.jpg|gaming_laptops
C:/Users/Stent/Desktop/University/PD/Lab Programs/dataset\gaming_laptops\0042.jpg|gaming_laptops\0042.jpg|gaming_laptops
C:/Users/Stent/Desktop/University/PD/Lab Programs/dataset\gaming_laptops\0043.jpg|gaming_laptops\0043.jpg|gaming_laptops
C:/Users/Stent/Desktop/University/PD/Lab Programs/dataset\gaming_laptops\0044.jpg|gaming_laptops\0044.jpg|gaming_laptops
C:/Users/Stent/Desktop/University/PD/Lab Programs/dataset\gaming_laptops\0045.jpg|gaming_laptops\0045.jpg|gaming_laptops
C:/Users/Stent/Desktop/University/PD/Lab Programs/dataset\gaming_laptops\0046.jpg|gaming_laptops\0046.jpg|gaming_laptops
C:/Users/Stent/Desktop/University/PD/Lab Programs/dataset\gaming_laptops\0047.jpg|gaming_laptops\0047.jpg|gaming_laptops
C:/Users/Stent/Desktop/University/PD/Lab Programs/dataset\gaming_laptops\0048.jpg|gaming_laptops\0048.jpg|gaming_laptops
C:/Users/Stent/Desktop/University/PD/Lab Programs/dataset\gaming_laptops\0049.jpg|gaming_laptops\0049.jpg|gaming_laptops
C:/Users/Stent/Desktop/University/PD/Lab Programs/dataset\gaming_laptops\0050.jpg|gaming_laptops\0050.jpg|gaming_laptops
C:/Users/Stent/Desktop/University/PD/Lab Programs/dataset\gaming_laptops\0051.jpg|gaming_laptops\0051.jpg|gaming_laptops
C:/Users/Stent/Desktop/University/PD/Lab Programs/dataset\gaming_laptops\0052.jpg|gaming_laptops\0052.jpg|gaming_laptops
C:/Users/Stent/Desktop/University/PD/Lab Programs/dataset\gaming_laptops\0053.jpg|gaming_laptops\0053.jpg|gaming_laptops
C:/Users/Stent/Desktop/University/PD/Lab Programs/dataset\gaming_laptops\0054.jpg|gaming_laptops\0054.jpg|gaming_laptops
C:/Users/Stent/Desktop/University/PD/Lab Programs/dataset\gaming_laptops\0055.jpg|gaming_laptops\0055.jpg|gaming_laptops
C:/Users/Stent/Desktop/University/PD/Lab Programs/dataset\gaming_laptops\0056.jpg|gaming_laptops\0056.jpg|gaming_laptops
C:/Users/Stent/Desktop/University/PD/Lab Programs/dataset\gaming_laptops\0057.jpg|gaming_laptops\0057.jpg|gaming_laptops
C:/Users/Stent/Desktop/University/PD/Lab Programs/dataset\gaming_laptops\0058.jpg|gaming_laptops\0058.jpg|gaming_laptops
C:/Users/Stent/Desktop/University/PD/Lab Programs/dataset\gaming_laptops\0059.jpg|gaming_laptops\0059.jpg|gaming_laptops
C:/Users/Stent/Desktop/University/PD/Lab Programs/dataset\gaming_laptops\0060.jpg|gaming_laptops\0060.jpg|gaming_laptops
C:/Users/Stent/Desktop/University/PD/Lab Programs/dataset\gaming_laptops\0061.jpg|gaming_laptops\0061.jpg|gaming_laptops
C:/Users/Stent/Desktop/University/PD/Lab Programs/dataset\gaming_laptops\0062.jpg|gaming_laptops\0062.jpg|gaming_laptops
C:/Users/Stent/Desktop/University/PD/Lab Programs/dataset\gaming_laptops\0063.jpg|gaming_laptops\0063.jpg|gaming_laptops
C:/Users/Stent/Desktop/University/PD/Lab Programs/dataset\gaming_laptops\0064.jpg|gaming_laptops\0064.jpg|gaming_laptops
C:/Users/Stent/Desktop/University/PD/Lab Programs/dataset\gaming_laptops\0065.jpg|gaming_laptops\0065.jpg|gaming_laptops
C:/Users/Stent/Desktop/University/PD/Lab Programs/dataset\gaming_laptops\0066.jpg|gaming_laptops\0066.jpg|gaming_laptops
C:/Users/Stent/Desktop/University/PD/Lab Programs/dataset\gaming_laptops\0067.jpg|gaming_laptops\0067.jpg|gaming_laptops
C:/Users/Stent/Desktop/University/PD/Lab Programs/dataset\gaming_laptops\0068.jpg|gaming_laptops\0068.jpg|gaming_laptops
C:/Users/Stent/Desktop/University/PD/Lab Programs/dataset\gaming_laptops\0069.jpg|gaming_laptops\0069.jpg|gaming_laptops
C:/Users/Stent/Desktop/University/PD/Lab Programs/dataset\gaming_laptops\0070.jpg|gaming_laptops\0070.jpg|gaming_laptops
C:/Users/Stent/Desktop/University/PD/Lab Programs/dataset\gaming_laptops\0071.jpg|gaming_laptops\0071.jpg|gaming_laptops
C:/Users/Stent/Desktop/University/PD/Lab Programs/dataset\gaming_laptops\0072.jpg|gaming_laptops\0072.jpg|gaming_laptops
C:/Users/Stent/Desktop/University/PD/Lab Programs/dataset\gaming_laptops\0073.jpg|gaming_laptops\0073.jpg|gaming_laptops
C:/Users/Stent/Desktop/University/PD/Lab Programs/dataset\gaming_laptops\0074.jpg|gaming_laptops\0074.jpg|gaming_laptops
C:/Users/Stent/Desktop/University/PD/Lab Programs/dataset\gaming_laptops\0075.jpg|gaming_laptops\0075.jpg|gaming_laptops
C:/Users/Stent/Desktop/University/PD/Lab Programs/dataset\gaming_laptops\0076.jpg|gaming_laptops\0076.jpg|gaming_laptops
C:/Users/Stent/Desktop/University/PD/Lab Programs/dataset\gaming_laptops\0077.jpg|gaming_laptops\0077.jpg|gaming_laptops
C:/Users/Stent/Desktop/University/PD/Lab Programs/dataset\gaming_laptops\0078.jpg|gaming_laptops\0078.jpg|gaming_laptops
C:/Users/Stent/Desktop/University/PD/Lab Programs/dataset\gaming_laptops\0079.jpg|gaming_laptops\0079.jpg|gaming_laptops
C:/Users/Stent/Desktop/University/PD/Lab Programs/dataset\gaming_laptops\0080.jpg|gaming_laptops\0080.jpg|gaming_laptops
C:/Users/Stent/Desktop/University/PD/Lab Programs/dataset\gaming_laptops\0081.jpg|gaming_laptops\0081.jpg|gaming_laptops
C:/Users/Stent/Desktop/University/PD/Lab Programs/dataset\gaming_laptops\0082.jpg|gaming_laptops\0082.jpg|gaming_laptops
C:/Users/Stent/Desktop/University/PD/Lab Programs/dataset\gaming_laptops\0083.jpg|gaming_laptops\0083.jpg|gaming_laptops
C:/Users/Stent/Desktop/University/PD/Lab Programs/dataset\gaming_laptops\0084.jpg|gaming_laptops\0084.jpg|gaming_laptops
C:/Users/Stent/Desktop/University/PD/Lab Programs/dataset\gaming_laptops\0085.jpg|gaming_laptops\0085.jpg|gaming_laptops
C:/Users/Stent/Desktop/University/PD/Lab Programs/dataset\gaming_laptops\0086.jpg|gaming_laptops\0086.jpg|gaming_laptops
C:/Users/Stent/Desktop/University/PD/Lab Programs/dataset\gaming_laptops\0087.jpg|gaming_laptops\0087.jpg|gaming_laptops
C:/Users/Stent/Desktop/University/PD/Lab Programs/dataset\gaming_laptops\0088.jpg|gaming_laptops\0088.jpg|gaming_laptops
C:/Users/Stent/Desktop/University/PD/Lab Programs/dataset\gaming_laptops\0089.jpg|gaming_laptops\0089.jpg|gaming_laptops
C:/Users/Stent/Desktop/University/PD/Lab Programs/dataset\lion\0000.jpg|lion\0000.jpg|lion
C:/Users/Stent/Desktop/University/PD/Lab Programs/dataset\lion\0001.jpg|lion\0001.jpg|lion
C:/Users/Stent/Desktop/University/PD/Lab Programs/dataset\lion\0002.jpg|lion\0002.jpg|lion
C:/Users/Stent/Desktop/University/PD/Lab Programs/dataset\lion\0003.jpg|lion\0003.jpg|lion
C:/Users/Stent/Desktop/University/PD/Lab Programs/dataset\lion\0004.jpg|lion\0004.jpg|lion
C:/Users/Stent/Desktop/University/PD/Lab Programs/dataset\lion\0005.jpg|lion\0005.jpg|lion
C:/Users/Stent/Desktop/University/PD/Lab Programs/dataset\lion\0006.jpg|lion\0006.jpg|lion
C:/Users/Stent/Desktop/University/PD/Lab Programs/dataset\lion\0007.jpg|lion\0007.jpg|lion
C:/Users/Stent/Desktop/University/PD/Lab Programs/dataset\lion\0008.jpg|lion\0008.jpg|lion
C:/Users/Stent/Desktop/University/PD/Lab Programs/dataset\lion\0009.jpg|lion\0009.jpg|lion
C:/Users/Stent/Desktop/University/PD/Lab Programs/dataset\lion\0010.jpg|lion\0010.jpg|lion
C:/Users/Stent/Desktop/University/PD/Lab Programs/dataset\lion\0011.jpg|lion\0011.jpg|lion
C:/Users/Stent/Desktop/University/PD/Lab Programs/dataset\lion\0012.jpg|lion\0012.jpg|lion
C:/Users/Stent/Desktop/University/PD/Lab Programs/dataset\lion\0013.jpg|lion\0013.jpg|lion
C:/Users/Stent/Desktop/University/PD/Lab Programs/dataset\lion\0014.jpg|lion\0014.jpg|lion
C:/Users/Stent/Desktop/University/PD/Lab Programs/dataset\lion\0015.jpg|lion\0015.jpg|lion
C:/Users/Stent/Desktop/University/PD/Lab Programs/dataset\lion\0016.jpg|lion\0016.jpg|lion
C:/Users/Stent/Desktop/University/PD/Lab Programs/dataset\lion\0017.jpg|lion\0017.jpg|lion
C:/Users/Stent/Desktop/University/PD/Lab Programs/dataset\lion\0018.jpg|lion\0018.jpg|lion
C:/Users/Stent/Desktop/University/PD/Lab Programs/dataset\lion\0019.jpg|lion\0019.jpg|lion
C:/Users/Stent/Desktop/University/PD/Lab Programs/dataset\lion\0020.jpg|lion\0020.jpg|lion
C:/Users/Stent/Desktop/University/PD/Lab Programs/dataset\lion\0021.jpg|lion\0021.jpg|lion
C:/Users/Stent/Desktop/University/PD/Lab Programs/dataset\lion\0022.jpg|lion\0022.jpg|lion
C:/Users/Stent/Desktop/University/PD/Lab Programs/dataset\lion\0023.jpg|lion\0023.jpg|lion
C:/Users/Stent/Desktop/University/PD/Lab Programs/dataset\lion\0024.jpg|lion\0024.jpg|lion
C:/Users/Stent/Desktop/University/PD/Lab Programs/dataset\lion\0025.jpg|lion\0025.jpg|lion
C:/Users/Stent/Desktop/University/PD/Lab Programs/dataset\lion\0026.jpg|lion\0026.jpg|lion
C:/Users/Stent/Desktop/University/PD/Lab Programs/dataset\lion\0027.jpg|lion\0027.jpg|lion
C:/Users/Stent/Desktop/University/PD/Lab Programs/dataset\lion\0028.jpg|lion\0028.jpg|lion
C:/Users/Stent/Desktop/University/PD/Lab Programs/dataset\lion\0029.jpg|lion\0029.jpg|lion
C:/Users/Stent/Desktop/University/PD/Lab Programs/dataset\polar_bear\0000.jpg|polar_bear\0000.jpg|polar_bear
C:/Users/Stent/Desktop/University/PD/Lab Programs/dataset\polar_bear\0001.jpg|polar_bear\0001.jpg|polar_bear
C:/Users/Stent/Desktop/University/PD/Lab Programs/dataset\polar_bear\0002.jpg|polar_bear\0002.jpg|polar_bear
C:/Users/Stent/Desktop/University/PD/Lab Programs/dataset\polar_bear\0003.jpg|polar_bear\0003.jpg|polar_bear
C:/Users/Stent/Desktop/University/PD/Lab Programs/dataset\polar_bear\0004.jpg|polar_bear\0004.jpg|polar_bear
C:/Users/Stent/Desktop/University/PD/Lab Programs/dataset\polar_bear\0005.jpg|polar_bear\0005.jpg|polar_bear
C:/Users/Stent/Desktop/University/PD/Lab Programs/dataset\polar_bear\0006.jpg|polar_bear\0006.jpg|polar_bear
C:/Users/Stent/Desktop/University/PD/Lab Programs/dataset\polar_bear\0007.jpg|polar_bear\0007.jpg|polar_bear
C:/Users/Stent/Desktop/University/PD/Lab Programs/dataset\polar_bear\0008.jpg|polar_bear\0008.jpg|polar_bear
C:/Users/Stent/Desktop/University/PD/Lab Programs/dataset\polar_bear\0009.jpg|polar_bear\0009.jpg|polar_bear
C:/Users/Stent/Desktop/University/PD/Lab Programs/dataset\polar_bear\0010.jpg|polar_bear\0010.jpg|polar_bear
C:/Users/Stent/Desktop/University/PD/Lab Programs/dataset\polar_bear\0011.jpg|polar_bear\0011.jpg|polar_bear
C:/Users/Stent/Desktop/University/PD/Lab Programs/dataset\polar_bear\0012.jpg|polar_bear\0012.jpg|polar_bear
C:/Users/Stent/Desktop/University/PD/Lab Programs/dataset\polar_bear\0013.jpg|polar_bear\0013.jpg|polar_bear
C:/Users/Stent/Desktop/University/PD/Lab Programs/dataset\polar_bear\0014.jpg|polar_bear\0014.jpg|polar_bear
C:/Users/Stent/Desktop/University/PD/Lab Programs/dataset\polar_bear\0015.jpg|polar_bear\0015.jpg|polar_bear
C:/Users/Stent/Desktop/University/PD/Lab Programs/dataset\polar_bear\0016.jpg|polar_bear\0016.jpg|polar_bear
C:/Users/Stent/Desktop/University/PD/Lab Programs/dataset\polar_bear\0017.jpg|polar_bear\0017.jpg|polar_bear
C:/Users/Stent/Desktop/University/PD/Lab Programs/dataset\polar_bear\0018.jpg|polar_bear\0018.jpg|polar_bear
C:/Users/Stent/Desktop/University/PD/Lab Programs/dataset\polar_bear\0019.jpg|polar_bear\0019.jpg|polar_bear
C:/Users/Stent/Desktop/University/PD/Lab Programs/dataset\polar_bear\0020.jpg|polar_bear\0020.jpg|polar_bear
C:/Users/Stent/Desktop/University/PD/Lab Programs/dataset\polar_bear\0021.jpg|polar_bear\0021.jpg|polar_bear
C:/Users/Stent/Desktop/University/PD/Lab Programs/dataset\polar_bear\0022.jpg|polar_bear\0022.jpg|polar_bear
C:/Users/Stent/Desktop/University/PD/Lab Programs/dataset\polar_bear\0023.jpg|polar_bear\0023.jpg|polar_bear
C:/Users/Stent/Desktop/University/PD/Lab Programs/dataset\polar_bear\0024.jpg|polar_bear\0024.jpg|polar_bear
C:/Users/Stent/Desktop/University/PD/Lab Programs/dataset\polar_bear\0025.jpg|polar_bear\0025.jpg|polar_bear
C:/Users/Stent/Desktop/University/PD/Lab Programs/dataset\polar_bear\0026.jpg|polar_bear\0026.jpg|polar_bear
C:/Users/Stent/Desktop/University/PD/Lab Programs/dataset\polar_bear\0027.jpg|polar_bear\0027.jpg|polar_bear
C:/Users/Stent/Desktop/University/PD/Lab Programs/dataset\python_language\0000.jpg|python_language\0000.jpg|python_language
C:/Users/Stent/Desktop/University/PD/Lab Programs/dataset\python_language\0001.jpg|python_language\0001.jpg|python_language
C:/Users/Stent/Desktop/University/PD/Lab Programs/dataset\python_language\0002.jpg|python_language\0002.jpg|python_language
C:/Users/Stent/Desktop/University/PD/Lab Programs/dataset\python_language\0003.jpg|python_language\0003.jpg|python_language
C:/Users/Stent/Desktop/University/PD/Lab Programs/dataset\python_language\0004.jpg|python_language\0004.jpg|python_language
C:/Users/Stent/Desktop/University/PD/Lab Programs/dataset\python_language\0005.jpg|python_language\0005.jpg|python_language
C:/Users/Stent/Desktop/University/PD/Lab Programs/dataset\python_language\0006.jpg|python_language\0006.jpg|python_language
C:/Users/Stent/Desktop/University/PD/Lab Programs/dataset\python_language\0007.jpg|python_language\0007.jpg|python_language
C:/Users/Stent/Desktop/University/PD/Lab Programs/dataset\python_language\0008.jpg|python_language\0008.jpg|python_language
C:/Users/Stent/Desktop/University/PD/Lab Programs/dataset\python_language\0009.jpg|python_language\0009.jpg|python_language
C:/Users/Stent/Desktop/University/PD/Lab Programs/dataset\python_language\0010.jpg|python_language\0010.jpg|python_language
C:/Users/Stent/Desktop/University/PD/Lab Programs/dataset\python_language\0011.jpg|python_language\0011.jpg|python_language
C:/Users/Stent/Desktop/University/PD/Lab Programs/dataset\python_language\0012.jpg|python_language\0012.jpg|python_language
C:/Users/Stent/Desktop/University/PD/Lab Programs/dataset\python_language\0013.jpg|python_language\0013.jpg|python_language
C:/Users/Stent/Desktop/University/PD/Lab Programs/dataset\python_language\0014.jpg|python_language\0014.jpg|python_language
C:/Users/Stent/Desktop/University/PD/Lab Programs/dataset\python_language\0015.jpg|python_language\0015.jpg|python_language
C:/Users/Stent/Desktop/University/PD/Lab Programs/dataset\python_language\0016.jpg|python_language\0016.jpg|python_language
C:/Users/Stent/Desktop/University/PD/Lab Programs/dataset\python_language\0017.jpg|python_language\0017.jpg|python_language
C:/Users/Stent/Desktop/University/PD/Lab Programs/dataset\python_language\0018.jpg|python_language\0018.jpg|python_language
C:/Users/Stent/Desktop/University/PD/Lab Programs/dataset\python_language\0019.jpg|python_language\0019.jpg|python_language
C:/Users/Stent/Desktop/University/PD/Lab Programs/dataset\python_language\0020.jpg|python_language\0020.jpg|python_language
C:/Users/Stent/Desktop/University/PD/Lab Programs/dataset\python_language\0021.jpg|python_language\0021.jpg|python_language
C:/Users/Stent/Desktop/University/PD/Lab Programs/dataset\python_language\0022.jpg|python_language\0022.jpg|python_language
C:/Users/Stent/Desktop/University/PD/Lab Programs/dataset\python_language\0023.jpg|python_language\0023.jpg|python_language
C:/Users/Stent/Desktop/University/PD/Lab Programs/dataset\python_language\0024.jpg|python_language\0024.jpg|python_language
C:/Users/Stent/Desktop/University/PD/Lab Programs/dataset\python_language\0025.jpg|python_language\0025.jpg|python_language
C:/Users/Stent/Desktop/University/PD/Lab Programs/dataset\python_language\0026.jpg|python_language\0026.jpg|python_language
C:/Users/Stent/Desktop/University/PD/Lab Programs/dataset\python_language\0027.jpg|python_language\0027.jpg|python_language
C:/Users/Stent/Desktop/University/PD/Lab Programs/dataset\python_language\0028.jpg|python_language\0028.jpg|python_language
C:/Users/Stent/Desktop/University/PD/Lab Programs/dataset\python_language\0029.jpg|python_language\0029.jpg|python_language
C:/Users/Stent/Desktop/University/PD/Lab Programs/dataset\python_language\0030.jpg|python_language\0030.jpg|python_language
C:/Users/Stent/Desktop/University/PD/Lab Programs/dataset\python_language\0031.jpg|python_language\0031.jpg|python_language
C:/Users/Stent/Desktop/University/PD/Lab Programs/dataset\python_language\0032.jpg|python_language\0032.jpg|python_language
C:/Users/Stent/Desktop/University/PD/Lab Programs/dataset\python_language\0033.jpg|python_language\0033.jpg|python_language
C:/Users/Stent/Desktop/University/PD/Lab Programs/dataset\python_language\0034.jpg|python_language\0034.jpg|python_language
C:/Users/Stent/Desktop/University/PD/Lab Programs/dataset\python_language\0035.jpg|python_language\0035.jpg|python_language
C:/Users/Stent/Desktop/University/PD/Lab Programs/dataset\python_language\0036.jpg|python_language\0036.jpg|python_language
C:/Users/Stent/Desktop/University/PD/Lab Programs/dataset\python_language\0037.jpg|python_language\0037.jpg|python_language
C:/Users/Stent/Desktop/University/PD/Lab Programs/dataset\python_language\0038.jpg|python_language\0038.jpg|python_language
C:/Users/Stent/Desktop/University/PD/Lab Programs/dataset\python_language\0039.jpg|python_language\0039.jpg|python_language
C:/Users/Stent/Desktop/University/PD/Lab Programs/dataset\python_language\0040.jpg|python_language\0040.jpg|python_language
C:/Users/Stent/Desktop/University/PD/Lab Programs/dataset\python_language\0041.jpg|python_language\0041.jpg|python_language
C:/Users/Stent/Desktop/University/PD/Lab Programs/dataset\python_language\0042.jpg|python_language\0042.jpg|python_language
C:/Users/Stent/Desktop/University/PD/Lab Programs/dataset\python_language\0043.jpg|python_language\0043.jpg|python_language
C:/Users/Stent/Desktop/University/PD/Lab Programs/dataset\python_language\0044.jpg|python_language\0044.jpg|python_language
C:/Users/Stent/Desktop/University/PD/Lab Programs/dataset\python_language\0045.jpg|python_language\0045.jpg|python_language
C:/Users/Stent/Desktop/University/PD/Lab Programs/dataset\python_language\0046.jpg|python_language\0046.jpg|python_language
C:/Users/Stent/Desktop/University/PD/Lab Programs/dataset\python_language\0047.jpg|python_language\0047.jpg|python_language
C:/Users/Stent/Desktop/University/PD/Lab Programs/dataset\python_language\0048.jpg|python_language\0048.jpg|python_language
C:/Users/Stent/Desktop/University/PD/Lab Programs/dataset\python_language\0049.jpg|python_language\0049.jpg|python_language
C:/Users/Stent/Desktop/University/PD/Lab Programs/dataset\python_language\0050.jpg|python_language\0050.jpg|python_language
C:/Users/Stent/Desktop/University/PD/Lab Programs/dataset\python_language\0051.jpg|python_language\0051.jpg|python_language
C:/Users/Stent/Desktop/University/PD/Lab Programs/dataset\python_language\0052.jpg|python_language\0052.jpg|python_language
C:/Users/Stent/Desktop/University/PD/Lab Programs/dataset\python_language\0053.jpg|python_language\0053.jpg|python_language
C:/Users/Stent/Desktop/University/PD/Lab Programs/dataset\python_language\0054.jpg|python_language\0054.jpg|python_language
C:/Users/Stent/Desktop/University/PD/Lab Programs/dataset\python_language\0055.jpg|python_language\0055.jpg|python_language
C:/Users/Stent/Desktop/University/PD/Lab Programs/dataset\python_language\0056.jpg|python_language\0056.jpg|python_language
C:/Users/Stent/Desktop/University/PD/Lab Programs/dataset\python_language\0057.jpg|python_language\0057.jpg|python_language
C:/Users/Stent/Desktop/University/PD/Lab Programs/dataset\python_language\0058.jpg|python_language\0058.jpg|python_language
C:/Users/Stent/Desktop/University/PD/Lab Programs/dataset\python_language\0059.jpg|python_language\0059.jpg|python_language
C:/Users/Stent/Desktop/University/PD/Lab Programs/dataset\python_language\0060.jpg|python_language\0060.jpg|python_language
C:/Users/Stent/Desktop/University/PD/Lab Programs/dataset\python_language\0061.jpg|python_language\0061.jpg|python_language
C:/Users/Stent/Desktop/University/PD/Lab Programs/dataset\python_language\0062.jpg|python_language\0062.jpg|python_language
C:/Users/Stent/Desktop/University/PD/Lab Programs/dataset\python_language\0063.jpg|python_language\0063.jpg|python_language
C:/Users/Stent/Desktop/University/PD/Lab Programs/dataset\python_language\0064.jpg|python_language\0064.jpg|python_language
C:/Users/Stent/Desktop/University/PD/Lab Programs/dataset\python_language\0065.jpg|python_language\0065.jpg|python_language
C:/Users/Stent/Desktop/University/PD/Lab Programs/dataset\python_language\0066.jpg|python_language\0066.jpg|python_language
C:/Users/Stent/Desktop/University/PD/Lab Programs/dataset\python_language\0067.jpg|python_language\0067.jpg|python_language
C:/Users/Stent/Desktop/University/PD/Lab Programs/dataset\python_language\0068.jpg|python_language\0068.jpg|python_language
C:/Users/Stent/Desktop/University/PD/Lab Programs/dataset\python_language\0069.jpg|python_language\0069.jpg|python_language
C:/Users/Stent/Desktop/University/PD/Lab Programs/dataset\python_language\0070.jpg|python_language\0070.jpg|python_language
C:/Users/Stent/Desktop/University/PD/Lab Programs/dataset\python_language\0071.jpg|python_language\0071.jpg|python_language
C:/Users/Stent/Desktop/University/PD/Lab Programs/dataset\python_language\0072.jpg|python_language\0072.jpg|python_language
C:/Users/Stent/Desktop/University/PD/Lab Programs/dataset\python_language\0073.jpg|python_language\0073.jpg|python_language
C:/Users/Stent/Desktop/University/PD/Lab Programs/dataset\python_language\0074.jpg|python_language\0074.jpg|python_language
C:/Users/Stent/Desktop/University/PD/Lab Programs/dataset\python_language\0075.jpg|python_language\0075.jpg|python_language
C:/Users/Stent/Desktop/University/PD/Lab Programs/dataset\python_language\0076.jpg|python_language\0076.jpg|python_language
C:/Users/Stent/Desktop/University/PD/Lab Programs/dataset\python_language\0077.jpg|python_language\0077.jpg|python_language
C:/Users/Stent/Desktop/University/PD/Lab Programs/dataset\python_language\0078.jpg|python_language\0078.jpg|python_language
C:/Users/Stent/Desktop/University/PD/Lab Programs/dataset\python_language\0079.jpg|python_language\0079.jpg|python_language
C:/Users/Stent/Desktop/University/PD/Lab Programs/dataset\python_language\0080.jpg|python_language\0080.jpg|python_language
C:/Users/Stent/Desktop/University/PD/Lab Programs/dataset\python_language\0081.jpg|python_language\0081.jpg|python_language
C:/Users/Stent/Desktop/University/PD/Lab Programs/dataset\python_language\0082.jpg|python_language\0082.jpg|python_language
C:/Users/Stent/Desktop/University/PD/Lab Programs/dataset\python_language\0083.jpg|python_language\0083.jpg|python_language
C:/Users/Stent/Desktop/University/PD/Lab Programs/dataset\python_language\0084.jpg|python_language\0084.jpg|python_language
C:/Users/Stent/Desktop/University/PD/Lab Programs/dataset\python_language\0085.jpg|python_language\0085.jpg|python_language
C:/Users/Stent/Desktop/University/PD/Lab Programs/dataset\python_language\0086.jpg|python_language\0086.jpg|python_language
C:/Users/Stent/Desktop/University/PD/Lab Programs/dataset\python_language\0087.jpg|python_language\0087.jpg|python_language
C:/Users/Stent/Desktop/University/PD/Lab Programs/dataset\python_language\0088.jpg|python_language\0088.jpg|python_language
C:/Users/Stent/Desktop/University/PD/Lab Programs/dataset\python_language\0089.jpg|python_language\0089.jpg|python_language
C:/Users/Stent/Desktop/University/PD/Lab Programs/dataset\wolf\0000.jpg|wolf\0000.jpg|wolf
C:/Users/Stent/Desktop/University/PD/Lab Programs/dataset\wolf\0001.jpg|wolf\0001.jpg|wolf
C:/Users/Stent/Desktop/University/PD/Lab Programs/dataset\wolf\0002.jpg|wolf\0002.jpg|wolf
C:/Users/Stent/Desktop/University/PD/Lab Programs/dataset\wolf\0003.jpg|wolf\0003.jpg|wolf
C:/Users/Stent/Desktop/University/PD/Lab Programs/dataset\wolf\0004.jpg|wolf\0004.jpg|wolf
C:/Users/Stent/Desktop/University/PD/Lab Programs/dataset\wolf\0005.jpg|wolf\0005.jpg|wolf
C:/Users/Stent/Desktop/University/PD/Lab Programs/dataset\wolf\0006.jpg|wolf\0006.jpg|wolf
C:/Users/Stent/Desktop/University/PD/Lab Programs/dataset\wolf\0007.jpg|wolf\0007.jpg|wolf
C:/Users/Stent/Desktop/University/PD/Lab Programs/dataset\wolf\0008.jpg|wolf\0008.jpg|wolf
C:/Users/Stent/Desktop/University/PD/Lab Programs/dataset\wolf\0009.jpg|wolf\0009.jpg|wolf
C:/Users/Stent/Desktop/University/PD/Lab Programs/dataset\wolf\0010.jpg|wolf\0010.jpg|wolf
C:/Users/Stent/Desktop/University/PD/Lab Programs/dataset\wolf\0011.jpg|wolf\0011.jpg|wolf
C:/Users/Stent/Desktop/University/PD/Lab Programs/dataset\wolf\0012.jpg|wolf\0012.jpg|wolf
C:/Users/Stent/Desktop/University/PD/Lab Programs/dataset\wolf\0013.jpg|wolf\0013.jpg|wolf
C:/Users/Stent/Desktop/University/PD/Lab Programs/dataset\wolf\0014.jpg|wolf\0014.jpg|wolf
C:/Users/Stent/Desktop/University/PD/Lab Programs/dataset\wolf\0015.jpg|wolf\0015.jpg|wolf
C:/Users/Stent/Desktop/University/PD/Lab Programs/dataset\wolf\0016.jpg|wolf\0016.jpg|wolf
C:/Users/Stent/Desktop/University/PD/Lab Programs/dataset\wolf\0017.jpg|wolf\0017.jpg|wolf
C:/Users/Stent/Desktop/University/PD/Lab Programs/dataset\wolf\0018.jpg|wolf\0018.jpg|wolf
C:/Users/Stent/Desktop/University/PD/Lab Programs/dataset\wolf\0019.jpg|wolf\0019.jpg|wolf
C:/Users/Stent/Desktop/University/PD/Lab Programs/dataset\wolf\0020.jpg|wolf\0020.jpg|wolf
C:/Users/Stent/Desktop/University/PD/Lab Programs/dataset\wolf\0021.jpg|wolf\0021.jpg|wolf
C:/Users/Stent/Desktop/University/PD/Lab Programs/dataset\wolf\0022.jpg|wolf\0022.jpg|wolf
C:/Users/Stent/Desktop/University/PD/Lab Programs/dataset\wolf\0023.jpg|wolf\0023.jpg|wolf
C:/Users/Stent/Desktop/University/PD/Lab Programs/dataset\wolf\0024.jpg|wolf\0024.jpg|wolf
C:/Users/Stent/Desktop/University/PD/Lab Programs/dataset\wolf\0025.jpg|wolf\0025.jpg|wolf
C:/Users/Stent/Desktop/University/PD/Lab Programs/dataset\wolf\0026.jpg|wolf\0026.jpg|wolf
C:/Users/Stent/Desktop/University/PD/Lab Programs/dataset\wolf\0027.jpg|wolf\0027.jpg|wolf
C:/Users/Stent/Desktop/University/PD/Lab Programs/dataset\wolf\0028.jpg|wolf\0028.jpg|wolf
C:/Users/Stent/Desktop/University/PD/Lab Programs/dataset\wolf\0029.jpg|wolf\0029.jpg|wolf
